create table if not exists public.userlogins (
	usernames varchar(50),
	userpassword varchar(50)
);

create table if not exists public.bridges_events (
event varchar(100),
points integer
);

create table if not exists public.carew_events (
event varchar(100),
points integer
);

create table if not exists public.house_event_list(
house_event varchar(100)
);

create table if not exists public.mandeville_events (
event varchar(100),
points integer
);

create table if not exists public.radcliffe_events (
event varchar(100),
points integer
);

create table if not exists public.ruskin_events (
event varchar(100),
points integer
);

create table if not exists public.woodcote_events (
event varchar(100),
points integer
);

create table if not exists public.sports_day_events(
event varchar(100),
bridgespoints integer,
carewpoints integer,
mandevillepoints integer,
radcliffepoints integer,
ruskinpoints integer,
woodcotepoints integer
);

create table if not exists public.sports_day_times(
event varchar(100),
player_bridges varchar(100),
player_bridges_time varchar(100),
player_carew varchar(100),
player_carew_time varchar(100),
player_mandeville varchar(100),
player_mandeville_time varchar(100),
player_radcliffe varchar(100),
player_radcliffe_time varchar(100),
player_ruskin varchar(100),
player_ruskin_time varchar(100),
player_woodcote varchar(100),
player_woodcote_time varchar(100),
row_order SERIAL
);

create table if not exists public.sports_day_distances(
event varchar(100),
player_bridges varchar(100),
player_bridges_distance varchar(100),
player_carew varchar(100),
player_carew_distance varchar(100),
player_mandeville varchar(100),
player_mandeville_distance varchar(100),
player_radcliffe varchar(100),
player_radcliffe_distance varchar(100),
player_ruskin varchar(100),
player_ruskin_distance varchar(100),
player_woodcote varchar(100),
player_woodcote_distance varchar(100),
row_order SERIAL
);

create table if not exists public.school_records(
event varchar(100),
year7player varchar(100),
year7date varchar(100),
year7time varchar(100),
year8player varchar(100),
year8date varchar(100),
year8time varchar(100),
year9player varchar(100),
year9date varchar(100),
year9time varchar(100),
year10player varchar(100),
year10date varchar(100),
year10time varchar(100),
seniorplayer varchar(100),
seniordate varchar(100),
seniortime varchar(100),
girlsplayer varchar(100),
girlsdate varchar(100),
girlstime varchar(100),
row_order SERIAL
);

insert into public.bridges_events(event, points)
values 
('Junior X-country (Richard Meller Cup)',0),
('Inter X-cross country (Ruskin Cup)',0),
('Senior X-country (Bruce Foster Cup)',0),
('Senior Maths Challenge',0),
('Junior Rugby (Chewter Cup)',0),
('Inter Rugby (Slade Jones Cup)',0),
('Inter Football',0),
('Senior Football',0),
('House Netball',0),
('Senior Basketball',0),
('Junior Cricket (Old Boys Cup)',0),
('Intermediate Cricket (Heyward Cup)',0),
('Junior House Rounders',0),
('Intermediate House Rounders',0),
('Junior Table Tennis (Years 7 & 8)',0),
('Intermediate Table Tennis (Years 9 & 10)',0),
('Junior Athletics (Mackmin Cup)',0),
('Inter Athletics (John Eyles Cup)',0),
('Senior Athletics (Moriarty Cup)',0),
('House Literature',0),
('Junior Spelling Bee',0),
('Inter Spelling Bee',0),
('House Sparx Reader',0),
('PRIDE Competition',0),
('House Debating',0),
('House Photography',0),
('Junior Maths Challenge',0),
('Intermediate Maths Challenge',0),
('Y7 Maths Times Tables',0),
('Y7 Election in a Day',0),
('Year 8 Play in a Day',0),
('Commendation Cup (D Mangham Trophy)',0),
('Junior Football',0),
('House Art',0),
('Senior Rugby (Bawden Shield)',0),
('House Music',0),
('House Drama',0),
('Assault course (Manor Trophy)',0),
('House MFL Competition',0),
('House Chess',0);

insert into public.carew_events(event, points)
values 
('Junior X-country (Richard Meller Cup)',0),
('Inter X-cross country (Ruskin Cup)',0),
('Senior X-country (Bruce Foster Cup)',0),
('Senior Maths Challenge',0),
('Junior Rugby (Chewter Cup)',0),
('Inter Rugby (Slade Jones Cup)',0),
('Inter Football',0),
('Senior Football',0),
('House Netball',0),
('Senior Basketball',0),
('Junior Cricket (Old Boys Cup)',0),
('Intermediate Cricket (Heyward Cup)',0),
('Junior House Rounders',0),
('Intermediate House Rounders',0),
('Junior Table Tennis (Years 7 & 8)',0),
('Intermediate Table Tennis (Years 9 & 10)',0),
('Junior Athletics (Mackmin Cup)',0),
('Inter Athletics (John Eyles Cup)',0),
('Senior Athletics (Moriarty Cup)',0),
('House Literature',0),
('Junior Spelling Bee',0),
('Inter Spelling Bee',0),
('House Sparx Reader',0),
('PRIDE Competition',0),
('House Debating',0),
('House Photography',0),
('Junior Maths Challenge',0),
('Intermediate Maths Challenge',0),
('Y7 Maths Times Tables',0),
('Y7 Election in a Day',0),
('Year 8 Play in a Day',0),
('Commendation Cup (D Mangham Trophy)',0),
('Junior Football',0),
('House Art',0),
('Senior Rugby (Bawden Shield)',0),
('House Music',0),
('House Drama',0),
('Assault course (Manor Trophy)',0),
('House MFL Competition',0),
('House Chess',0);

insert into public.mandeville_events(event, points)
values 
('Junior X-country (Richard Meller Cup)',0),
('Inter X-cross country (Ruskin Cup)',0),
('Senior X-country (Bruce Foster Cup)',0),
('Senior Maths Challenge',0),
('Junior Rugby (Chewter Cup)',0),
('Inter Rugby (Slade Jones Cup)',0),
('Inter Football',0),
('Senior Football',0),
('House Netball',0),
('Senior Basketball',0),
('Junior Cricket (Old Boys Cup)',0),
('Intermediate Cricket (Heyward Cup)',0),
('Junior House Rounders',0),
('Intermediate House Rounders',0),
('Junior Table Tennis (Years 7 & 8)',0),
('Intermediate Table Tennis (Years 9 & 10)',0),
('Junior Athletics (Mackmin Cup)',0),
('Inter Athletics (John Eyles Cup)',0),
('Senior Athletics (Moriarty Cup)',0),
('House Literature',0),
('Junior Spelling Bee',0),
('Inter Spelling Bee',0),
('House Sparx Reader',0),
('PRIDE Competition',0),
('House Debating',0),
('House Photography',0),
('Junior Maths Challenge',0),
('Intermediate Maths Challenge',0),
('Y7 Maths Times Tables',0),
('Y7 Election in a Day',0),
('Year 8 Play in a Day',0),
('Commendation Cup (D Mangham Trophy)',0),
('Junior Football',0),
('House Art',0),
('Senior Rugby (Bawden Shield)',0),
('House Music',0),
('House Drama',0),
('Assault course (Manor Trophy)',0),
('House MFL Competition',0),
('House Chess',0);

insert into public.radcliffe_events(event, points)
values 
('Junior X-country (Richard Meller Cup)',0),
('Inter X-cross country (Ruskin Cup)',0),
('Senior X-country (Bruce Foster Cup)',0),
('Senior Maths Challenge',0),
('Junior Rugby (Chewter Cup)',0),
('Inter Rugby (Slade Jones Cup)',0),
('Inter Football',0),
('Senior Football',0),
('House Netball',0),
('Senior Basketball',0),
('Junior Cricket (Old Boys Cup)',0),
('Intermediate Cricket (Heyward Cup)',0),
('Junior House Rounders',0),
('Intermediate House Rounders',0),
('Junior Table Tennis (Years 7 & 8)',0),
('Intermediate Table Tennis (Years 9 & 10)',0),
('Junior Athletics (Mackmin Cup)',0),
('Inter Athletics (John Eyles Cup)',0),
('Senior Athletics (Moriarty Cup)',0),
('House Literature',0),
('Junior Spelling Bee',0),
('Inter Spelling Bee',0),
('House Sparx Reader',0),
('PRIDE Competition',0),
('House Debating',0),
('House Photography',0),
('Junior Maths Challenge',0),
('Intermediate Maths Challenge',0),
('Y7 Maths Times Tables',0),
('Y7 Election in a Day',0),
('Year 8 Play in a Day',0),
('Commendation Cup (D Mangham Trophy)',0),
('Junior Football',0),
('House Art',0),
('Senior Rugby (Bawden Shield)',0),
('House Music',0),
('House Drama',0),
('Assault course (Manor Trophy)',0),
('House MFL Competition',0),
('House Chess',0);

insert into public.ruskin_events(event, points)
values 
('Junior X-country (Richard Meller Cup)',0),
('Inter X-cross country (Ruskin Cup)',0),
('Senior X-country (Bruce Foster Cup)',0),
('Senior Maths Challenge',0),
('Junior Rugby (Chewter Cup)',0),
('Inter Rugby (Slade Jones Cup)',0),
('Inter Football',0),
('Senior Football',0),
('House Netball',0),
('Senior Basketball',0),
('Junior Cricket (Old Boys Cup)',0),
('Intermediate Cricket (Heyward Cup)',0),
('Junior House Rounders',0),
('Intermediate House Rounders',0),
('Junior Table Tennis (Years 7 & 8)',0),
('Intermediate Table Tennis (Years 9 & 10)',0),
('Junior Athletics (Mackmin Cup)',0),
('Inter Athletics (John Eyles Cup)',0),
('Senior Athletics (Moriarty Cup)',0),
('House Literature',0),
('Junior Spelling Bee',0),
('Inter Spelling Bee',0),
('House Sparx Reader',0),
('PRIDE Competition',0),
('House Debating',0),
('House Photography',0),
('Junior Maths Challenge',0),
('Intermediate Maths Challenge',0),
('Y7 Maths Times Tables',0),
('Y7 Election in a Day',0),
('Year 8 Play in a Day',0),
('Commendation Cup (D Mangham Trophy)',0),
('Junior Football',0),
('House Art',0),
('Senior Rugby (Bawden Shield)',0),
('House Music',0),
('House Drama',0),
('Assault course (Manor Trophy)',0),
('House MFL Competition',0),
('House Chess',0);

insert into public.woodcote_events(event, points)
values 
('Junior X-country (Richard Meller Cup)',0),
('Inter X-cross country (Ruskin Cup)',0),
('Senior X-country (Bruce Foster Cup)',0),
('Senior Maths Challenge',0),
('Junior Rugby (Chewter Cup)',0),
('Inter Rugby (Slade Jones Cup)',0),
('Inter Football',0),
('Senior Football',0),
('House Netball',0),
('Senior Basketball',0),
('Junior Cricket (Old Boys Cup)',0),
('Intermediate Cricket (Heyward Cup)',0),
('Junior House Rounders',0),
('Intermediate House Rounders',0),
('Junior Table Tennis (Years 7 & 8)',0),
('Intermediate Table Tennis (Years 9 & 10)',0),
('Junior Athletics (Mackmin Cup)',0),
('Inter Athletics (John Eyles Cup)',0),
('Senior Athletics (Moriarty Cup)',0),
('House Literature',0),
('Junior Spelling Bee',0),
('Inter Spelling Bee',0),
('House Sparx Reader',0),
('PRIDE Competition',0),
('House Debating',0),
('House Photography',0),
('Junior Maths Challenge',0),
('Intermediate Maths Challenge',0),
('Y7 Maths Times Tables',0),
('Y7 Election in a Day',0),
('Year 8 Play in a Day',0),
('Commendation Cup (D Mangham Trophy)',0),
('Junior Football',0),
('House Art',0),
('Senior Rugby (Bawden Shield)',0),
('House Music',0),
('House Drama',0),
('Assault course (Manor Trophy)',0),
('House MFL Competition',0),
('House Chess',0);

insert into public.house_event_list(house_event)
values
('Junior X-country (Richard Meller Cup)'),
('Inter X-cross country (Ruskin Cup)'),
('Senior X-country (Bruce Foster Cup)'),
('Senior Maths Challenge'),
('Junior Rugby (Chewter Cup)'),
('Inter Rugby (Slade Jones Cup)'),
('Inter Football'),
('Senior Football'),
('House Netball'),
('Senior Basketball'),
('Junior Cricket (Old Boys Cup)'),
('Intermediate Cricket (Heyward Cup)'),
('Junior House Rounders'),
('Intermediate House Rounders'),
('Junior Table Tennis (Years 7 & 8)'),
('Intermediate Table Tennis (Years 9 & 10)'),
('Junior Athletics (Mackmin Cup)'),
('Inter Athletics (John Eyles Cup)'),
('Senior Athletics (Moriarty Cup)'),
('House Literature'),
('Junior Spelling Bee',0),
('Inter Spelling Bee',0),
('House Sparx Reader'),
('PRIDE Competition'),
('House Debating'),
('House Photography'),
('Junior Maths Challenge'),
('Intermediate Maths Challenge'),
('Y7 Maths Times Tables'),
('Y7 Election in a Day'),
('Year 8 Play in a Day'),
('Commendation Cup (D Mangham Trophy)'),
('Junior Football'),
('House Art'),
('Senior Rugby (Bawden Shield)'),
('House Music'),
('House Drama'),
('Assault course (Manor Trophy)'),
('House MFL Competition'),
('House Chess');

insert into public.sports_day_times(
event,
player_bridges,
player_bridges_time,
player_carew,
player_carew_time,
player_mandeville,
player_mandeville_time,
player_radcliffe,
player_radcliffe_time,
player_ruskin,
player_ruskin_time,
player_woodcote,
player_woodcote_time
)
values
('Year 7 100m A', null, null, null, null, null, null, null, null, null, null, null, null),
('Year 7 100m B', null, null, null, null, null, null, null, null, null, null, null, null),
('Year 7 200m A', null, null, null, null, null, null, null, null, null, null, null, null),
('Year 7 200m B', null, null, null, null, null, null, null, null, null, null, null, null),
('Year 7 300m', null, null, null, null, null, null, null, null, null, null, null, null),
('Year 7 400m', null, null, null, null, null, null, null, null, null, null, null, null),
('Year 7 800m', null, null, null, null, null, null, null, null, null, null, null, null),
('Year 7 1500m', null, null, null, null, null, null, null, null, null, null, null, null),
('Year 7 Relay', null, null, null, null, null, null, null, null, null, null, null, null),
('Year 8 100m A', null, null, null, null, null, null, null, null, null, null, null, null),
('Year 8 100m B', null, null, null, null, null, null, null, null, null, null, null, null),
('Year 8 200m A', null, null, null, null, null, null, null, null, null, null, null, null),
('Year 8 200m B', null, null, null, null, null, null, null, null, null, null, null, null),
('Year 8 300m', null, null, null, null, null, null, null, null, null, null, null, null),
('Year 8 400m', null, null, null, null, null, null, null, null, null, null, null, null),
('Year 8 800m', null, null, null, null, null, null, null, null, null, null, null, null),
('Year 8 1500m', null, null, null, null, null, null, null, null, null, null, null, null),
('Year 8 Relay', null, null, null, null, null, null, null, null, null, null, null, null),
('Year 9 100m A', null, null, null, null, null, null, null, null, null, null, null, null),
('Year 9 100m B', null, null, null, null, null, null, null, null, null, null, null, null),
('Year 9 200m A', null, null, null, null, null, null, null, null, null, null, null, null),
('Year 9 200m B', null, null, null, null, null, null, null, null, null, null, null, null),
('Year 9 300m', null, null, null, null, null, null, null, null, null, null, null, null),
('Year 9 400m', null, null, null, null, null, null, null, null, null, null, null, null),
('Year 9 800m', null, null, null, null, null, null, null, null, null, null, null, null),
('Year 9 1500m', null, null, null, null, null, null, null, null, null, null, null, null),
('Year 9 Relay', null, null, null, null, null, null, null, null, null, null, null, null),
('Year 10 100m A', null, null, null, null, null, null, null, null, null, null, null, null),
('Year 10 100m B', null, null, null, null, null, null, null, null, null, null, null, null),
('Year 10 200m A', null, null, null, null, null, null, null, null, null, null, null, null),
('Year 10 200m B', null, null, null, null, null, null, null, null, null, null, null, null),
('Year 10 300m', null, null, null, null, null, null, null, null, null, null, null, null),
('Year 10 400m', null, null, null, null, null, null, null, null, null, null, null, null),
('Year 10 800m', null, null, null, null, null, null, null, null, null, null, null, null),
('Year 10 1500m', null, null, null, null, null, null, null, null, null, null, null, null),
('Year 10 Relay', null, null, null, null, null, null, null, null, null, null, null, null),
('Year 11 100m A', null, null, null, null, null, null, null, null, null, null, null, null),
('Year 11 100m B', null, null, null, null, null, null, null, null, null, null, null, null),
('Year 11 200m A', null, null, null, null, null, null, null, null, null, null, null, null),
('Year 11 200m B', null, null, null, null, null, null, null, null, null, null, null, null),
('Year 11 300m', null, null, null, null, null, null, null, null, null, null, null, null),
('Year 11 400m', null, null, null, null, null, null, null, null, null, null, null, null),
('Year 11 800m', null, null, null, null, null, null, null, null, null, null, null, null),
('Year 11 1500m', null, null, null, null, null, null, null, null, null, null, null, null),
('Year 11 Relay', null, null, null, null, null, null, null, null, null, null, null, null),
('Senior 100m', null, null, null, null, null, null, null, null, null, null, null, null),
('Senior 200m', null, null, null, null, null, null, null, null, null, null, null, null),
('Senior 400m', null, null, null, null, null, null, null, null, null, null, null, null),
('Senior 800m', null, null, null, null, null, null, null, null, null, null, null, null),
('Senior 1500m', null, null, null, null, null, null, null, null, null, null, null, null),
('Senior Relay', null, null, null, null, null, null, null, null, null, null, null, null),
('Girls 100m', null, null, null, null, null, null, null, null, null, null, null, null),
('Girls 200m', null, null, null, null, null, null, null, null, null, null, null, null),
('Girls 300m', null, null, null, null, null, null, null, null, null, null, null, null),
('Girls 800m', null, null, null, null, null, null, null, null, null, null, null, null),
('Girls Relay', null, null, null, null, null, null, null, null, null, null, null, null);

insert into public.sports_day_distances(
event,
player_bridges,
player_bridges_distance,
player_carew,
player_carew_distance,
player_mandeville,
player_mandeville_distance,
player_radcliffe,
player_radcliffe_distance,
player_ruskin,
player_ruskin_distance,
player_woodcote,
player_woodcote_distance
)
values
('Year 7 Triple Jump', null, null, null, null, null, null, null, null, null, null, null, null),
('Year 7 Long Jump', null, null, null, null, null, null, null, null, null, null, null, null),
('Year 7 High Jump', null, null, null, null, null, null, null, null, null, null, null, null),
('Year 7 Discus', null, null, null, null, null, null, null, null, null, null, null, null),
('Year 7 Shotput', null, null, null, null, null, null, null, null, null, null, null, null),
('Year 7 Javelin', null, null, null, null, null, null, null, null, null, null, null, null),
('Year 8 Triple Jump', null, null, null, null, null, null, null, null, null, null, null, null),
('Year 8 Long Jump', null, null, null, null, null, null, null, null, null, null, null, null),
('Year 8 High Jump', null, null, null, null, null, null, null, null, null, null, null, null),
('Year 8 Discus', null, null, null, null, null, null, null, null, null, null, null, null),
('Year 8 Shotput', null, null, null, null, null, null, null, null, null, null, null, null),
('Year 8 Javelin', null, null, null, null, null, null, null, null, null, null, null, null),
('Year 9 Triple Jump', null, null, null, null, null, null, null, null, null, null, null, null),
('Year 9 Long Jump', null, null, null, null, null, null, null, null, null, null, null, null),
('Year 9 High Jump', null, null, null, null, null, null, null, null, null, null, null, null),
('Year 9 Discus', null, null, null, null, null, null, null, null, null, null, null, null),
('Year 9 Shotput', null, null, null, null, null, null, null, null, null, null, null, null),
('Year 9 Javelin', null, null, null, null, null, null, null, null, null, null, null, null),
('Year 10 Triple Jump', null, null, null, null, null, null, null, null, null, null, null, null),
('Year 10 Long Jump', null, null, null, null, null, null, null, null, null, null, null, null),
('Year 10 High Jump', null, null, null, null, null, null, null, null, null, null, null, null),
('Year 10 Discus', null, null, null, null, null, null, null, null, null, null, null, null),
('Year 10 Shotput', null, null, null, null, null, null, null, null, null, null, null, null),
('Year 10 Javelin', null, null, null, null, null, null, null, null, null, null, null, null),
('Year 11 Triple Jump', null, null, null, null, null, null, null, null, null, null, null, null),
('Year 11 Long Jump', null, null, null, null, null, null, null, null, null, null, null, null),
('Year 11 High Jump', null, null, null, null, null, null, null, null, null, null, null, null),
('Year 11 Discus', null, null, null, null, null, null, null, null, null, null, null, null),
('Year 11 Shotput', null, null, null, null, null, null, null, null, null, null, null, null),
('Year 11 Javelin', null, null, null, null, null, null, null, null, null, null, null, null),
('Senior Triple Jump', null, null, null, null, null, null, null, null, null, null, null, null),
('Senior Long Jump', null, null, null, null, null, null, null, null, null, null, null, null),
('Senior High Jump', null, null, null, null, null, null, null, null, null, null, null, null),
('Senior Discus', null, null, null, null, null, null, null, null, null, null, null, null),
('Senior Shotput', null, null, null, null, null, null, null, null, null, null, null, null),
('Senior Javelin', null, null, null, null, null, null, null, null, null, null, null, null),
('Girls Long Jump', null, null, null, null, null, null, null, null, null, null, null, null),
('Girls High Jump', null, null, null, null, null, null, null, null, null, null, null, null),
('Girls Discus', null, null, null, null, null, null, null, null, null, null, null, null),
('Girls Shotput', null, null, null, null, null, null, null, null, null, null, null, null),
('Girls Javelin', null, null, null, null, null, null, null, null, null, null, null, null);

insert into public.sports_day_events(
event,
bridgespoints,
carewpoints,
mandevillepoints,
radcliffepoints,
ruskinpoints,
woodcotepoints
)
values
('Year 7 100m A', 0, 0, 0, 0, 0, 0),
('Year 7 100m B', 0, 0, 0, 0, 0, 0),
('Year 7 200m A', 0, 0, 0, 0, 0, 0),
('Year 7 200m B', 0, 0, 0, 0, 0, 0),
('Year 7 300m', 0, 0, 0, 0, 0, 0),
('Year 7 400m', 0, 0, 0, 0, 0, 0),
('Year 7 800m', 0, 0, 0, 0, 0, 0),
('Year 7 1500m', 0, 0, 0, 0, 0, 0),
('Year 7 Relay', 0, 0, 0, 0, 0, 0),
('Year 7 Triple Jump', 0, 0, 0, 0, 0, 0),
('Year 7 Long Jump', 0, 0, 0, 0, 0, 0),
('Year 7 High Jump', 0, 0, 0, 0, 0, 0),
('Year 7 Discus', 0, 0, 0, 0, 0, 0),
('Year 7 Shotput', 0, 0, 0, 0, 0, 0),
('Year 7 Javelin', 0, 0, 0, 0, 0, 0),
('Year 7 Tug of War', 0, 0, 0, 0, 0, 0),
('Year 8 100m A', 0, 0, 0, 0, 0, 0),
('Year 8 100m B', 0, 0, 0, 0, 0, 0),
('Year 8 200m A', 0, 0, 0, 0, 0, 0),
('Year 8 200m B', 0, 0, 0, 0, 0, 0),
('Year 8 300m', 0, 0, 0, 0, 0, 0),
('Year 8 400m', 0, 0, 0, 0, 0, 0),
('Year 8 800m', 0, 0, 0, 0, 0, 0),
('Year 8 1500m', 0, 0, 0, 0, 0, 0),
('Year 8 Relay', 0, 0, 0, 0, 0, 0),
('Year 8 Triple Jump', 0, 0, 0, 0, 0, 0),
('Year 8 Long Jump', 0, 0, 0, 0, 0, 0),
('Year 8 High Jump', 0, 0, 0, 0, 0, 0),
('Year 8 Discus', 0, 0, 0, 0, 0, 0),
('Year 8 Shotput', 0, 0, 0, 0, 0, 0),
('Year 8 Javelin', 0, 0, 0, 0, 0, 0),
('Year 8 Tug of War', 0, 0, 0, 0, 0, 0),
('Year 9 100m A', 0, 0, 0, 0, 0, 0),
('Year 9 100m B', 0, 0, 0, 0, 0, 0),
('Year 9 200m A', 0, 0, 0, 0, 0, 0),
('Year 9 200m B', 0, 0, 0, 0, 0, 0),
('Year 9 300m', 0, 0, 0, 0, 0, 0),
('Year 9 400m', 0, 0, 0, 0, 0, 0),
('Year 9 800m', 0, 0, 0, 0, 0, 0),
('Year 9 1500m', 0, 0, 0, 0, 0, 0),
('Year 9 Relay', 0, 0, 0, 0, 0, 0),
('Year 9 Triple Jump', 0, 0, 0, 0, 0, 0),
('Year 9 Long Jump', 0, 0, 0, 0, 0, 0),
('Year 9 High Jump', 0, 0, 0, 0, 0, 0),
('Year 9 Discus', 0, 0, 0, 0, 0, 0),
('Year 9 Shotput', 0, 0, 0, 0, 0, 0),
('Year 9 Javelin', 0, 0, 0, 0, 0, 0),
('Year 9 Tug of War', 0, 0, 0, 0, 0, 0),
('Year 10 100m A', 0, 0, 0, 0, 0, 0),
('Year 10 100m B', 0, 0, 0, 0, 0, 0),
('Year 10 200m A', 0, 0, 0, 0, 0, 0),
('Year 10 200m B', 0, 0, 0, 0, 0, 0),
('Year 10 300m', 0, 0, 0, 0, 0, 0),
('Year 10 400m', 0, 0, 0, 0, 0, 0),
('Year 10 800m', 0, 0, 0, 0, 0, 0),
('Year 10 1500m', 0, 0, 0, 0, 0, 0),
('Year 10 Relay', 0, 0, 0, 0, 0, 0),
('Year 10 Triple Jump', 0, 0, 0, 0, 0, 0),
('Year 10 Long Jump', 0, 0, 0, 0, 0, 0),
('Year 10 High Jump', 0, 0, 0, 0, 0, 0),
('Year 10 Discus', 0, 0, 0, 0, 0, 0),
('Year 10 Shotput', 0, 0, 0, 0, 0, 0),
('Year 10 Javelin', 0, 0, 0, 0, 0, 0),
('Year 10 Tug of War', 0, 0, 0, 0, 0, 0),
('Year 11 100m A', 0, 0, 0, 0, 0, 0),
('Year 11 100m B', 0, 0, 0, 0, 0, 0),
('Year 11 200m A', 0, 0, 0, 0, 0, 0),
('Year 11 200m B', 0, 0, 0, 0, 0, 0),
('Year 11 300m', 0, 0, 0, 0, 0, 0),
('Year 11 400m', 0, 0, 0, 0, 0, 0),
('Year 11 800m', 0, 0, 0, 0, 0, 0),
('Year 11 1500m', 0, 0, 0, 0, 0, 0),
('Year 11 Relay', 0, 0, 0, 0, 0, 0),
('Year 11 Triple Jump', 0, 0, 0, 0, 0, 0),
('Year 11 Long Jump', 0, 0, 0, 0, 0, 0),
('Year 11 High Jump', 0, 0, 0, 0, 0, 0),
('Year 11 Discus', 0, 0, 0, 0, 0, 0),
('Year 11 Shotput', 0, 0, 0, 0, 0, 0),
('Year 11 Javelin', 0, 0, 0, 0, 0, 0),
('Year 11 Tug of War', 0, 0, 0, 0, 0, 0),
('Senior 100m', 0, 0, 0, 0, 0, 0),
('Senior 200m', 0, 0, 0, 0, 0, 0),
('Senior 400m', 0, 0, 0, 0, 0, 0),
('Senior 800m', 0, 0, 0, 0, 0, 0),
('Senior 1500m', 0, 0, 0, 0, 0, 0),
('Senior Relay', 0, 0, 0, 0, 0, 0),
('Senior Triple Jump', 0, 0, 0, 0, 0, 0),
('Senior Long Jump', 0, 0, 0, 0, 0, 0),
('Senior High Jump', 0, 0, 0, 0, 0, 0),
('Senior Discus', 0, 0, 0, 0, 0, 0),
('Senior Shotput', 0, 0, 0, 0, 0, 0),
('Senior Javelin', 0, 0, 0, 0, 0, 0),
('Senior Tug of War', 0, 0, 0, 0, 0, 0),
('Girls 100m', 0, 0, 0, 0, 0, 0),
('Girls 200m', 0, 0, 0, 0, 0, 0),
('Girls 300m', 0, 0, 0, 0, 0, 0),
('Girls 800m', 0, 0, 0, 0, 0, 0),
('Girls Relay', 0, 0, 0, 0, 0, 0),
('Girls Long Jump', 0, 0, 0, 0, 0, 0),
('Girls High Jump', 0, 0, 0, 0, 0, 0),
('Girls Discus', 0, 0, 0, 0, 0, 0),
('Girls Shotput', 0, 0, 0, 0, 0, 0),
('Girls Javelin', 0, 0, 0, 0, 0, 0),
('Girls Tug of War', 0, 0, 0, 0, 0, 0);

insert into public.school_records(
event,
year7player,
year7date,
year7time,
year8player,
year8date,
year8time,
year9player,
year9date,
year9time,
year10player,
year10date,
year10time,
seniorplayer,
seniordate,
seniortime,
girlsplayer,
girlsdate,
girlstime
)
values
('100m', 'T Dzanta', '2018', '12.47', 'S Young', '2004', '11.66', 'D Davis', '2002', '11.02', 'T Kennedy', '2007', '11.10', 'T Kennedy', '2009', '10.81', 'J Smith', '2021', '13.00'),
('200m', 'J Lee-Akinbile', '2006', '24.26', 'J Povey', '2003', '25.84', 'T Kennedy', '2006', '23.22', 'J Braithwaite', '2007', '22.37', 'G Doerr', '1974', '22.80', 'M Okunola', '2019', '30.49'),
('300m', 'S Mohammed', '2015', '46.69', 'B Akono Bilongo', '2015', '40.90', 'S Jensen', '2019', '38.15', 'T O Sullivan', '2017', '38.22', NULL , NULL, NULL, 'J Mcfarlane', '2019', '49.82'),
('400m', 'T Kennedy', '2004', '60.2', 'T Kennedy', '2005', '56.6', 'T Kennedy', '2006', '55.1', 'S Noble', '1982', '52.5', 'S Moriarty', '1976', '52.30', NULL, NULL, NULL),
('800m', 'S Donovan', '1987', '2:20', 'S Cutmore', '2002', '2:17', 'B McDaniel', '2006', '2:07', 'S Sheppard', '2017', '2:04', 'R McDonnell', '1982', '1:58', 'N Abbud', '2013', '3:00'),
('1500m', 'W Charnock', '1977', '4:53', 'R McDonnell', '1978', '4:40', 'S Sheppard', '2016', '4:28', 'R Ward', '1997', '4:21', 'R McDonnell', '1982', '4:07', NULL, NULL, NULL),
('Relay', 'Carew', '2013', '2:08', 'Radcliffe', '2015', '1:56', 'Mandeville', '2013', '1:47', 'Mandeville', '2015', '1:48', 'Ruskin', '2013', '1:45', 'Woodcote', '2019', '1:34'),
('Triple Jump', 'K Wilson', '1984', '9.65', 'S Noble', '1980', '10.98', 'Y Wincenciak', '2024', '11.81', 'G Doerr', '1971', '12.24', 'G Doerr', '1973', '13.87', NULL, NULL, NULL),
('Long Jump', 'B McDaniel', '2004', '4.79', 'W Shiell', '1977', '5.25', 'D Ologunleko', '2019', '5.38', 'G Burgess', '1971', '5.79', 'J Staples', '1988', '6.51', 'K Davidson', '2015', '5.32'),
('High Jump', 'K Clark', '2004', '1.48', 'T Ewuola', '2022', '1.58', 'A Shukir', '2014', '1.78', 'J Staples', '1984', '1.70', 'J Staples', '1986', '1.90', 'T Finn', '2015', '1.30'),
('Discus', 'G Cook', '1981', '28.86', 'G Cook', '1982', '34.00', 'G Cook', '1983', '37.48', 'G Cook', '1984', '38.16', 'G Cook', '1987', '47.02', 'G Mander', '2013', '18.40'),
('Shotput', 'D Barnaby', '2011', '13.25', 'T Ewuola', '2022', '12.03', 'D Barnaby', '2013', '14.01', 'D Barnaby', '2014', '13.89', 'W Fuller', '1995', '14.79', 'J Mcfarlane', '2019', '10.42'),
('Javelin', 'R Porter', '1985', '29.18', 'R Norton', '2005', '34.00', 'R Norton', '2006', '43.60', 'R Norton', '2007', '47.60', 'R Norton', '2009', '51.50', 'C Huang', '2018', '23.16');